/wpadmin/themes.php?activatedtrue,1726550083,172.18.0.1,113cf81461b8a827d2c4bde362850715,Mozilla/5.0 (X11 Linux x86_64 rv:109.0) Gecko/20100101 Firefox/115.0
/wpadmin/adminajax.php,1726550145,172.18.0.1,113cf81461b8a827d2c4bde362850715,Mozilla/5.0 (X11 Linux x86_64 rv:109.0) Gecko/20100101 Firefox/115.0
/wpadmin/adminajax.php,1726550265,172.18.0.1,113cf81461b8a827d2c4bde362850715,Mozilla/5.0 (X11 Linux x86_64 rv:109.0) Gecko/20100101 Firefox/115.0
/wpadmin/adminajax.php,1726550626,172.18.0.1,113cf81461b8a827d2c4bde362850715,Mozilla/5.0 (X11 Linux x86_64 rv:109.0) Gecko/20100101 Firefox/115.0
/wpadmin/adminajax.php,1726550925,172.18.0.1,113cf81461b8a827d2c4bde362850715,Mozilla/5.0 (X11 Linux x86_64 rv:109.0) Gecko/20100101 Firefox/115.0
/wpadmin/adminajax.php,1726551045,172.18.0.1,113cf81461b8a827d2c4bde362850715,Mozilla/5.0 (X11 Linux x86_64 rv:109.0) Gecko/20100101 Firefox/115.0
/wpadmin/adminajax.php,1726551661,172.18.0.1,113cf81461b8a827d2c4bde362850715,Mozilla/5.0 (X11 Linux x86_64 rv:109.0) Gecko/20100101 Firefox/115.0
/wpadmin/index.php,1726551663,172.18.0.1,113cf81461b8a827d2c4bde362850715,Mozilla/5.0 (X11 Linux x86_64 rv:109.0) Gecko/20100101 Firefox/115.0
/wpadmin/optionsgeneral.php,1726551667,172.18.0.1,113cf81461b8a827d2c4bde362850715,Mozilla/5.0 (X11 Linux x86_64 rv:109.0) Gecko/20100101 Firefox/115.0
/wpadmin/optionspermalink.php,1726551673,172.18.0.1,113cf81461b8a827d2c4bde362850715,Mozilla/5.0 (X11 Linux x86_64 rv:109.0) Gecko/20100101 Firefox/115.0
/wpadmin/optionspermalink.php,1726551702,172.18.0.1,113cf81461b8a827d2c4bde362850715,Mozilla/5.0 (X11 Linux x86_64 rv:109.0) Gecko/20100101 Firefox/115.0
/wpadmin/optionspermalink.php?settingsupdatedtrue,1726551702,172.18.0.1,113cf81461b8a827d2c4bde362850715,Mozilla/5.0 (X11 Linux x86_64 rv:109.0) Gecko/20100101 Firefox/115.0
/wpadmin/adminajax.php,1726551764,172.18.0.1,113cf81461b8a827d2c4bde362850715,Mozilla/5.0 (X11 Linux x86_64 rv:109.0) Gecko/20100101 Firefox/115.0
